ID,SpinCrossoverEnergy,HomoLumoGap,IsSpinCrossover,TransitionMetal
ABILUT,-1.2004,3.3529,False,Cr
ALETAN,-1.4628,1.8257,False,Cr
ALUVIN,1.9084,1.6213,False,Cr
BAVGIO,1.9697,2.0845,False,Cr
BAVGOU,-0.5720,2.7672,False,Cr
BAVGUA10,-1.1605,3.6772,False,Cr
BAWGEL,1.1406,1.6853,False,Cr
BILDIJ,-1.1303,3.1895,False,Cr
BUTDAV,-1.2272,3.7317,False,Cr
CACVIL,2.3027,2.4767,False,Cr
CAGCIW,-1.3211,1.4091,False,Cr
CAHGIE,-0.7643,0.6150,False,Cr
CAMVER,0.5058,1.9300,False,Cr
CAMVER10,0.5058,1.9300,False,Cr
CAMVOB,3.0175,2.5666,False,Cr
CAMVOB10,2.9870,2.5702,False,Cr
CATYOL,0.2780,3.2612,True,Cr
CEWJUJ,3.9055,3.8455,False,Cr
CEXXAE,2.4522,3.4364,False,Cr
CIHJEJ,-0.9353,2.6923,False,Cr
COLPIC,3.1995,3.5457,False,Cr
CREXAN,-1.1525,2.9766,False,Cr
CUSBUN,-1.1841,3.2128,False,Cr
DAGMAA,-0.9068,2.1172,False,Cr
DEXCUE,2.3009,2.4749,False,Cr
DOBYOK,-0.9984,0.5871,False,Cr
DOFJAK,0.7586,1.2187,False,Cr
DOFVEZ,1.2917,1.5836,False,Cr
DTOLCR,0.0188,0.7585,True,Cr
DUTMIO10,-1.1534,2.4221,False,Cr
DUZNIV,2.5245,3.4544,False,Cr
EGUNOK,-0.4432,1.0122,False,Cr
EMEYIE,2.7541,3.1846,False,Cr
EQIVOP,-1.5794,2.5436,False,Cr
EYETUY,1.8246,3.0446,False,Cr
EYETUY01,-1.1677,2.9297,False,Cr
FANJEJ,3.4244,2.8009,False,Cr
FLPHCR,2.7539,2.8631,False,Cr
FOKYEJ,3.8672,3.4487,False,Cr
FOXYAS,4.0752,2.9885,False,Cr
FUGQAC,0.5539,1.5256,False,Cr
GAGVOA,0.8386,1.4245,False,Cr
GOTROY,-1.1725,3.0259,False,Cr
HEWYIT,-0.8958,2.6184,False,Cr
HIQYAJ,-1.1646,3.0833,False,Cr
HIZNEJ,0.0047,1.4374,True,Cr
HOHBUB,-0.6892,1.4409,False,Cr
HUKSUB,1.1511,2.0755,False,Cr
IFEZAV,-1.1127,3.0068,False,Cr
IFOCIP,-1.1866,2.9728,False,Cr
IJEWEA,-1.4769,1.7788,False,Cr
ILUMEH,-1.1684,3.3766,False,Cr
IZOVAV,1.8059,2.3531,False,Cr
IZOVEZ,2.2286,3.4754,False,Cr
JAJFIJ,2.4499,3.3851,False,Cr
JAJYUO,3.4338,1.9904,False,Cr
JOZCIK,-1.0745,0.8080,False,Cr
KAWKEA,-0.0047,0.9341,True,Cr
KIVDIE,2.4276,1.7251,False,Cr
KOMBIX,2.8990,3.4714,False,Cr
KUGMAA,-1.1825,3.0837,False,Cr
LICBUU,3.7188,2.4020,False,Cr
LIMCRF01,-1.7806,2.1590,False,Cr
LOVMUH,-0.9173,2.1516,False,Cr
LOVSOH,-0.9923,2.5728,False,Cr
LOVSUN,-0.9170,1.8015,False,Cr
LUGDUM,-1.0750,3.2468,False,Cr
MABBOJ,-1.1891,3.4883,False,Cr
MCEACR,-1.8453,2.7295,False,Cr
MIFNOE,3.9295,3.2300,False,Cr
MOLPUZ,-1.1927,3.4742,False,Cr
MUFJIG,-1.1524,2.7335,False,Cr
NAKXUU,-1.2878,2.7355,False,Cr
NCCPCR,1.6147,0.8635,False,Cr
NOMYIZ,0.3072,1.7327,True,Cr
ODAXIA,-0.9912,1.8220,False,Cr
OFUSIR,2.6652,3.1359,False,Cr
OKAXUT,1.3564,2.2095,False,Cr
OQUBEI,4.0214,3.2047,False,Cr
PABTOC,4.3103,3.5678,False,Cr
PEKBIQ,2.4693,3.5324,False,Cr
PEMKID,-1.4636,2.3615,False,Cr
PIXYAW,-1.5305,2.6451,False,Cr
QIRWEV,-1.1507,2.5422,False,Cr
RATDUM,2.5987,2.3806,False,Cr
RAWTEO,-0.7126,1.5012,False,Cr
REVXUL,-1.2645,1.5069,False,Cr
ROCCUH,2.5690,3.2143,False,Cr
SAKSUS,4.1737,3.1721,False,Cr
SAKSUS10,4.1737,3.1721,False,Cr
SARPUW,1.8778,2.2496,False,Cr
SEDFOX,0.5221,1.8675,False,Cr
SEZVAU,-1.5296,1.8370,False,Cr
SINCRA,4.1675,3.2673,False,Cr
TBZQCR,0.8539,0.8023,False,Cr
TEDJAN,-1.4186,2.0996,False,Cr
TEDYIM,-1.2006,2.9690,False,Cr
TMABCR10,2.0397,0.6348,False,Cr
TOXCEO,-0.8796,2.5078,False,Cr
UDOWEP,0.0171,0.0940,True,Cr
UGUBAZ,-1.0211,0.4410,False,Cr
UJOMEN,4.0890,3.1812,False,Cr
UKEDIY,-1.0125,2.1797,False,Cr
VAGBIQ,-1.1771,2.9011,False,Cr
VAGTAY,2.4890,3.2541,False,Cr
VEBYEH,-0.8702,1.3114,False,Cr
VEFVEH,-1.2040,2.9035,False,Cr
VERBEZ,3.5720,1.7003,False,Cr
VILYOE,-0.7738,-0.4218,False,Cr
VUYDUO,-1.1193,2.4913,False,Cr
WOJGIN,-1.1832,3.2074,False,Cr
XADWEF,3.8750,3.3448,False,Cr
XIKKAE,1.4533,1.6048,False,Cr
XIWBEK,-1.1886,3.2926,False,Cr
XOJHEJ,1.8606,2.2631,False,Cr
XOZKOM,-0.5608,0.0992,False,Cr
YIKVUJ,-1.0616,3.0226,False,Cr
YUJCIQ,-1.0751,0.3812,False,Cr
ZUKSED,4.5130,3.1095,False,Cr
UDOWOZ,-0.6652,0.3519,False,Cr
ACUFAF,2.4450,2.4446,False,Cr
ASUCUM,2.9045,3.5878,False,Cr
AZALOC,2.8902,2.2581,False,Cr
AZEQAZ,2.6107,2.9306,False,Cr
BAWGEL01,1.1402,1.6840,False,Cr
BEHGIF,2.7088,2.7850,False,Cr
BEHYES,2.6280,2.8823,False,Cr
BENGLY,2.7891,3.4199,False,Cr
BIBJUS,2.6014,1.4120,False,Cr
BIJSOF,1.2019,0.1815,False,Cr
BOHFAG,3.8096,2.2512,False,Cr
BUSXIW,2.7605,3.2949,False,Cr
BZCRCO,2.7300,3.4888,False,Cr
BZCRCO04,2.7343,3.5004,False,Cr
BZCRCO12,2.7348,3.4949,False,Cr
BZCRCO13,2.7348,3.4931,False,Cr
BZCRCO14,2.7352,3.4958,False,Cr
CAFZEO,2.6842,3.3624,False,Cr
CANXAQ,2.4553,3.0683,False,Cr
CATYIF,4.0919,2.9715,False,Cr
CAVFUA,4.1115,1.4373,False,Cr
CEKCUQ,2.7411,2.7461,False,Cr
CICMOQ,3.4053,2.5774,False,Cr
CIDVOA,-1.0521,0.5508,False,Cr
CIDVOA01,-0.8813,0.5725,False,Cr
CIDVOA02,-0.8153,0.5539,False,Cr
CIDVOA03,-1.0537,0.5511,False,Cr
COMMEW,2.2913,2.6392,False,Cr
COPKEY,2.5611,2.8526,False,Cr
CORFAS,-1.2529,1.3432,False,Cr
CPAINC,1.4532,1.5941,False,Cr
CPNCRC01,1.8493,1.7019,False,Cr
CPNOCC10,1.6932,1.7283,False,Cr
CRCACP10,3.9589,0.9658,False,Cr
CRMEBZ01,2.2416,1.9152,False,Cr
CTNSCR10,-0.5328,0.1069,False,Cr
CUGPAV,3.2035,2.0599,False,Cr
CYCPCR01,-0.9655,0.1316,False,Cr
DEGWES,1.5515,2.0504,False,Cr
DMPYCR20,1.8883,1.8730,False,Cr
DULMIG,0.4615,1.7626,True,Cr
DULTUA,2.7443,3.4851,False,Cr
DUNCUK,2.7386,2.3451,False,Cr
EACBCR,2.1386,2.2020,False,Cr
EAMNCR01,4.2803,2.9280,False,Cr
EAMNCR02,4.2893,1.6998,False,Cr
EAMNCR10,4.2800,2.9300,False,Cr
EBEKEB,-1.5877,2.6483,False,Cr
EBOTEU,-1.3395,2.1199,False,Cr
EBUFIQ,5.0034,4.0148,False,Cr
EDIHAA,2.7756,3.4185,False,Cr
EFAKOO,2.5570,3.5116,False,Cr
EGIYUO,2.9280,3.5605,False,Cr
EGIZAV,2.8049,3.5874,False,Cr
EJAMUX,4.4194,2.4637,False,Cr
EJUJUP,2.6683,2.8196,False,Cr
EMACCR,3.9685,3.5387,False,Cr
EVOJAA,-1.1657,2.7279,False,Cr
EXIJUQ,3.6322,2.5050,False,Cr
EXUFOT,2.7606,3.1931,False,Cr
EYORIV,4.1155,2.6919,False,Cr
FABQOP,-0.6852,1.7005,False,Cr
FIBGUS,1.5367,1.2441,False,Cr
FICZOG,3.8309,3.0240,False,Cr
FINTUS,1.1806,2.9025,False,Cr
FINVOO,3.6509,2.9342,False,Cr
FIVZOZ,-1.2196,2.4017,False,Cr
FOCKEN,1.0668,1.8361,False,Cr
FOFWAY,1.2958,1.1857,False,Cr
FOPKAW,2.7442,3.3831,False,Cr
FORJAX,1.9251,1.9376,False,Cr
FUGBEP,2.6577,2.3180,False,Cr
FUVJUD,2.9523,2.5515,False,Cr
FUVKEO,2.7771,2.6909,False,Cr
FUVLEP,3.1957,2.5495,False,Cr
FUVNER,2.7215,2.6690,False,Cr
GABMOL,3.6579,2.8004,False,Cr
GABNUT,0.8685,1.1241,False,Cr
GELZAY,2.6697,3.2636,False,Cr
GIWNIL,4.1995,1.2564,False,Cr
GIWPAF,2.8890,2.9747,False,Cr
GODLIV,2.1874,0.3842,False,Cr
GOPKIF,1.9678,1.9444,False,Cr
GORVUH,2.5418,3.4657,False,Cr
GORVUH01,2.5413,3.4691,False,Cr
GORVUH02,2.5416,3.4594,False,Cr
GOYHIL,2.7143,2.7035,False,Cr
HAGKIK,2.9279,2.8170,False,Cr
HEPRID,4.1232,2.4344,False,Cr
HEXRAD,2.7862,3.1506,False,Cr
HEZJIF,2.7627,3.3658,False,Cr
HEZKEC,2.7812,3.3758,False,Cr
HIKYUW,3.9823,3.0168,False,Cr
HIPLEX,2.3199,2.3951,False,Cr
HISLIF,0.3962,1.4274,True,Cr
HONMUS,2.0056,2.6140,False,Cr
IBEDOI,2.7162,3.4887,False,Cr
IDUMIE,3.7753,2.5844,False,Cr
INUWET,2.8819,2.7200,False,Cr
IPEMIZ,2.0255,2.0746,False,Cr
ISANUM,2.8317,3.5298,False,Cr
JOLNON,2.5810,0.4638,False,Cr
KAMSUM,2.5395,2.2563,False,Cr
KARWEF,4.5313,3.7144,False,Cr
KEYQOV,1.5496,0.8363,False,Cr
KODYUX05,-1.0523,0.5506,False,Cr
KODYUX06,-1.0534,0.5512,False,Cr
KODYUX07,-1.0518,0.5511,False,Cr
KODYUX08,-1.0538,0.5514,False,Cr
KORGED,4.4419,3.8021,False,Cr
KOZROG,2.8449,3.4019,False,Cr
KOZROG01,2.7503,3.4381,False,Cr
KUFDEW,2.6761,3.4373,False,Cr
KUJTOY,3.8611,2.3282,False,Cr
LAWXOW,2.5038,2.9909,False,Cr
LAYSEJ,2.5048,3.1845,False,Cr
LDHPCR10,-0.9832,1.7240,False,Cr
LELBEJ,1.1723,1.9529,False,Cr
LELCEK,0.8579,1.9621,False,Cr
LEYHEE01,2.0448,2.8576,False,Cr
LOBNOF,3.2772,2.1881,False,Cr
LOLRUZ,2.8293,3.6608,False,Cr
LOLSAG,1.8379,3.2672,False,Cr
LORBUQ,0.8381,3.6701,False,Cr
LORCEB,2.8868,2.3768,False,Cr
LOVPIY,-0.9548,2.4585,False,Cr
MADNIQ,2.5761,2.4627,False,Cr
MAKLOA,0.8784,2.4758,False,Cr
MAVJAU,1.7130,2.6216,False,Cr
MBSECR,2.9596,1.0369,False,Cr
MBZCRC,3.1614,1.2120,False,Cr
MEBLAI,2.8125,3.4624,False,Cr
MEBLOW,2.7400,3.4637,False,Cr
MEBMEN,2.5182,3.4542,False,Cr
MERJOJ,3.5561,1.9048,False,Cr
MOCBIN,2.5591,2.2905,False,Cr
MUDMAZ01,-0.8974,0.8782,False,Cr
NEFWIF,2.7552,3.4669,False,Cr
NEVROV,1.5225,2.1211,False,Cr
NITBOJ,1.6750,2.2004,False,Cr
NITCEA,2.9103,3.2832,False,Cr
NITCIE,1.9133,2.7208,False,Cr
NITPOX,2.9013,3.2625,False,Cr
NOCSII,1.4724,1.3674,False,Cr
NODNOL,-1.0567,3.0578,False,Cr
OCISUP,2.5976,2.8454,False,Cr
ODUPAG,2.3929,3.2312,False,Cr
ODUPEK,2.1207,3.0838,False,Cr
OKIHEV,3.9940,2.9444,False,Cr
PANZIN,0.3356,1.7334,True,Cr
PARCRT10,1.3703,1.8420,False,Cr
PASSOR,2.7272,3.2383,False,Cr
PICYCR,3.7723,2.1072,False,Cr
POJJIH,2.6467,3.2421,False,Cr
POLTUF,2.3994,3.0811,False,Cr
PUQVIG,1.5706,1.8711,False,Cr
QAPFAO,2.6802,3.0270,False,Cr
QEDXUS,2.3931,3.5528,False,Cr
QEDXUS01,2.4837,3.5543,False,Cr
QEGWOR,-1.1328,1.7982,False,Cr
QEHQEZ,4.3686,3.4420,False,Cr
QEHQOJ,4.3343,2.7666,False,Cr
QEMNAY,1.6810,2.1558,False,Cr
QERKUT,4.1072,3.4245,False,Cr
QOKMOS,3.4695,1.9106,False,Cr
QOKMUY,3.6231,2.5622,False,Cr
QONTIW,4.6779,3.4650,False,Cr
REQPIO,-1.1688,2.8825,False,Cr
RIHGEU,2.4121,2.0009,False,Cr
RISWIC,-0.7490,1.6913,False,Cr
RIVBON,2.8326,3.3665,False,Cr
RUQQID,2.1468,3.2039,False,Cr
RUQSON,2.4740,2.3249,False,Cr
SEKDES,1.9117,2.2689,False,Cr
SEQWEQ,4.1730,3.5286,False,Cr
SEVLIO,4.3691,3.3880,False,Cr
SEVLIO01,3.7591,3.1060,False,Cr
SIHTOT,3.8267,3.1688,False,Cr
SOFYES,-1.2435,3.4162,False,Cr
SOWZEJ,2.8091,3.2860,False,Cr
TALYIO,1.8803,3.0169,False,Cr
TAPBUH,-1.1338,1.3921,False,Cr
TAWHIJ,3.9157,3.3361,False,Cr
TCOCCR,2.8144,2.6135,False,Cr
TEGDOZ,2.7726,3.5259,False,Cr
TERFUS,-0.5797,1.3053,False,Cr
TOLCRQ,0.6844,0.1039,False,Cr
UMOFUX,3.2031,3.6881,False,Cr
VIDPUU,2.6346,1.8571,False,Cr
VIFXEN,2.8268,3.2451,False,Cr
VOJMUC,4.0549,2.6464,False,Cr
WAHDAK,2.1532,1.9490,False,Cr
WAKNOL,1.5944,3.0347,False,Cr
WALYEP,3.8930,2.9676,False,Cr
WECNIB,4.2956,2.8485,False,Cr
WEYFAI,-0.8941,0.8766,False,Cr
WEZPIA,2.5907,3.3044,False,Cr
WITDOS,1.2527,1.2850,False,Cr
WIXMAR,3.5256,3.1214,False,Cr
WOJFOT,2.7564,3.2566,False,Cr
XADCIO,3.8030,2.8493,False,Cr
XALFEV,3.9024,2.9941,False,Cr
XATCEB,2.8714,3.4156,False,Cr
XATMEL,2.7753,3.5173,False,Cr
XAXCAA,4.6399,2.9456,False,Cr
XEQFII,2.7458,3.0756,False,Cr
XOFXAR,2.3015,3.4303,False,Cr
XOWQEG,2.0314,1.9696,False,Cr
ZEGSOT,1.7815,1.3534,False,Cr
ZEGSOT01,3.6705,3.7075,False,Cr
ZIXPUU,-1.1702,3.6940,False,Cr
ZOZFIF,6.1073,3.2636,False,Cr
ZOZKUU,1.8157,2.4691,False,Cr
ZOZKUU01,1.8242,2.4686,False,Cr
JEGWIB,-0.8784,1.8853,False,Cr
LAVGAR,1.1186,0.3981,False,Cr
MANTOK,2.2025,0.5792,False,Cr
OGIYIN,0.1308,0.0000,True,Cr
PUQRIC,2.5649,1.6446,False,Cr
UKEDEU,0.7763,0.9912,False,Cr
VAGKUJ,0.1327,2.1364,True,Cr
YIGKAC,1.6084,0.3638,False,Cr
ZUXBUP01,0.4544,-0.3092,True,Cr
ZUXBUP02,-0.4803,0.0170,False,Cr
ATEWAZ,0.2079,1.0863,True,Mn
AVALAL,-1.9924,2.8366,False,Mn
AYADEJ,-1.4156,1.6985,False,Mn
AYADEJ01,-1.4169,1.6963,False,Mn
AYIREG,-1.1059,1.6087,False,Mn
BAFJEA01,3.7648,3.0451,False,Mn
BEPTIA,-0.9479,1.6520,False,Mn
BIZYIV,2.8100,1.9496,False,Mn
BMPYMN,0.0594,0.6162,True,Mn
BOFMIU,-1.8108,2.5038,False,Mn
BOLZAG,-0.8522,1.7490,False,Mn
BUBGIP,-0.0685,1.7565,True,Mn
BUZQOE,-1.3231,2.0548,False,Mn
CABPEA,-0.7930,2.7190,False,Mn
CAMJUY,-0.8878,2.7084,False,Mn
CATHIP,-0.5046,1.7749,False,Mn
CEDVUF,-1.4132,1.4641,False,Mn
CIDJUX,-0.8479,1.6965,False,Mn
CIDKAE,-0.8150,1.6765,False,Mn
CUJPAY,-1.3871,2.1050,False,Mn
CUKCEQ10,-1.0453,2.0455,False,Mn
DIMPEU10,-1.5141,2.7495,False,Mn
DIMPEU11,-1.5126,2.7494,False,Mn
DIVCAO,-0.6040,1.4267,False,Mn
DMCPMN,0.9150,1.0646,False,Mn
DMCPMN01,0.9034,1.0455,False,Mn
DMCPMN03,0.9165,1.0649,False,Mn
DURMIO,-1.4305,2.1577,False,Mn
DURQIR,-1.0870,1.6887,False,Mn
ECOQIX,-1.0652,2.7759,False,Mn
EDIFII,2.6893,1.7188,False,Mn
EDOYAX,0.8455,0.0442,False,Mn
EHAWOZ,-0.4224,1.0874,False,Mn
EJAYUK,-1.8405,1.7290,False,Mn
EJEVAR,-1.8037,3.4721,False,Mn
ERAFEJ,-0.8478,1.3035,False,Mn
FIDVIY,-1.3840,2.0345,False,Mn
FIXGOJ,-1.1753,1.4006,False,Mn
FOPCAR,4.3798,2.6003,False,Mn
FULXUF,-1.0844,1.4496,False,Mn
FULXUF01,-1.0123,1.4556,False,Mn
FULXUF02,-1.0114,1.4679,False,Mn
FULXUF04,-1.0055,1.4430,False,Mn
GAQWIE,-1.4438,2.8250,False,Mn
GOGJOC,-0.4650,0.1988,False,Mn
GOJNID,-0.7066,1.3602,False,Mn
GOLLAV,-1.7150,2.1484,False,Mn
GOMVEK,-0.6892,0.9748,False,Mn
GOMVEK01,-0.6899,0.9783,False,Mn
GORDAU,-1.1015,0.2458,False,Mn
HAHXOE,-1.5133,1.3731,False,Mn
HAHYAR,-1.5270,1.3755,False,Mn
HAZSUW,-1.3854,1.2496,False,Mn
HEVKEB,2.0612,2.5498,False,Mn
HEVKIF,2.1628,2.2356,False,Mn
HIPZEO,-0.6421,2.6365,False,Mn
HITDUK,-0.7339,0.8892,False,Mn
HOGBIQ,-1.4175,2.4418,False,Mn
ICEFAA,-1.1232,2.2977,False,Mn
IDEFUU,-1.7174,2.0607,False,Mn
IHIGEN,2.7649,2.6986,False,Mn
IPIBUE,-1.6757,2.0938,False,Mn
IWOWEX,-1.6850,3.3347,False,Mn
JAGMEK02,-1.1845,1.8533,False,Mn
JAMKUE,-1.1697,2.0417,False,Mn
KARPEB,-1.6937,2.8499,False,Mn
KESSUY,-0.7834,0.6088,False,Mn
KEWBIX,-1.2018,1.5388,False,Mn
KEWYAO,-1.0741,1.1695,False,Mn
KEYPIT,-0.9866,1.1705,False,Mn
KIXSOA,2.6590,2.0992,False,Mn
LAKRIY02,3.0401,2.9455,False,Mn
LOGLUR,2.6310,2.3284,False,Mn
LOLTOV,-2.0411,2.1252,False,Mn
MEGMER,-1.5777,1.5899,False,Mn
MIFFIT,-1.5258,1.9161,False,Mn
MIRRUB,-1.1848,1.8406,False,Mn
MONKIK,-1.0937,1.7090,False,Mn
NABKUZ,-1.4830,1.9852,False,Mn
NACNOV,-1.3509,0.9074,False,Mn
NACNOV01,-1.3559,0.9043,False,Mn
NACNUB,-1.5590,0.9826,False,Mn
NEPLAW,-1.1362,2.5632,False,Mn
NESZUJ,-1.5138,1.5128,False,Mn
NETBAS,-1.7503,2.2562,False,Mn
NETBIA,-1.4647,1.5352,False,Mn
NIJYOW,-1.2604,1.4169,False,Mn
NUJDAZ,-0.8601,1.0725,False,Mn
NUKCON,-1.1211,2.4438,False,Mn
NUNKEN,-1.1976,1.3430,False,Mn
OCIGOZ01,-1.8451,1.3449,False,Mn
OGIHEU,-1.4508,1.4351,False,Mn
OGUJIK,-1.2862,1.0417,False,Mn
OGUJOQ,-1.2353,1.1895,False,Mn
OTUTAZ,-0.5779,2.4229,False,Mn
OWELAF,-1.5814,2.9818,False,Mn
OWEMAF,-0.7110,0.7154,False,Mn
PARTEI,-1.1854,1.6990,False,Mn
PIDYOR,-0.9018,1.3036,False,Mn
PIHWEI,-2.0495,3.5556,False,Mn
PIKZIT,-1.5206,1.9755,False,Mn
PIPCEY,-0.7526,1.2183,False,Mn
PITBAW,-0.4091,0.9801,False,Mn
POVXAA,-1.7907,3.0408,False,Mn
POWROJ,-1.4656,1.1613,False,Mn
PULGAG,-0.8827,1.8378,False,Mn
QEMWEN,-1.6658,2.1862,False,Mn
QITFAC,-1.6642,1.6398,False,Mn
QITHEI,-0.7006,1.6341,False,Mn
QITHIM,-0.6490,0.0752,False,Mn
QIVSOG,-1.5694,1.5234,False,Mn
QOGXUF01,-0.4630,-0.5919,False,Mn
QOHFAW,-1.9512,2.1390,False,Mn
QOQKUC,-1.4289,1.4004,False,Mn
QOYWIN,-1.3472,1.4537,False,Mn
QUNFIR,-0.4616,0.5234,False,Mn
RAHXAB,-0.3831,1.5299,False,Mn
ROKSIW,-0.9620,1.2433,False,Mn
ROYGUJ,-1.4470,1.9054,False,Mn
SEGKOH,-1.2437,2.2859,False,Mn
SELJUP,-0.3093,1.0395,False,Mn
SENDOH,-1.4645,1.5890,False,Mn
SEVNAI,-0.8134,1.2180,False,Mn
SEVNAI01,-0.8138,1.2256,False,Mn
SEVNAI02,-0.8128,1.2142,False,Mn
SILLAD,-1.0763,1.8959,False,Mn
SOBQUW,-1.2042,1.1158,False,Mn
SOHKAC,1.2604,-0.0981,False,Mn
SOHKEG,-0.4118,0.7734,False,Mn
SUBGOO,-2.3233,1.6848,False,Mn
SUBQAK,-2.2693,2.1878,False,Mn
SUDRER,2.7564,2.0970,False,Mn
SUKJIU,2.5977,2.3971,False,Mn
TECFIR,-0.9672,1.5344,False,Mn
TEGPUQ,-0.9383,2.2804,False,Mn
TEGQAX,0.2090,0.5653,True,Mn
TOPJUF,-1.5507,1.8127,False,Mn
TUDJEH,-1.0537,0.9866,False,Mn
TUDJEH01,-1.0525,0.9800,False,Mn
TUKQOF,-0.8099,0.9758,False,Mn
TUSQIJ,2.7522,2.3910,False,Mn
UCARAU,-1.6241,1.1167,False,Mn
UDOKON,1.0164,0.0448,False,Mn
VAVDOM,-1.7781,2.4712,False,Mn
VEKFIA,-0.3027,0.9317,False,Mn
VEKFIA01,-0.3034,0.9313,False,Mn
VIFPIJ,-1.4311,2.2599,False,Mn
VIFWUD,-1.1834,1.7222,False,Mn
VILLOS,-1.5687,2.3053,False,Mn
VINHEG,-1.1593,1.3691,False,Mn
VIPGEG,3.5294,3.9717,False,Mn
VIZYUY,-1.0549,1.4068,False,Mn
WAZVOI,-0.7824,1.8571,False,Mn
WEQGEF,3.1548,2.3370,False,Mn
WERHUZ,-1.5067,1.6463,False,Mn
WEXYIH,-1.6881,1.5561,False,Mn
WOTRUU,-1.2689,1.2601,False,Mn
XAHLEY,-1.6563,2.1346,False,Mn
XAKHIC,-0.4689,1.2174,False,Mn
XAKJEA,-0.5042,1.0043,False,Mn
XECNAW,-1.5166,2.0549,False,Mn
XEKBIZ,2.7187,2.1092,False,Mn
YAXHOX,-1.1697,1.5152,False,Mn
YIKBEA,2.7113,1.9684,False,Mn
YUCHAF,-0.6525,0.9966,False,Mn
YUNVAE,-1.1566,1.1373,False,Mn
ZAFSOR,-1.2283,3.2068,False,Mn
ZERDIJ,-1.2742,1.5934,False,Mn
ZESWIG,-1.7964,1.7498,False,Mn
ZUGTUQ,-1.0680,1.0335,False,Mn
AMAVAN,-1.8176,2.4463,False,Mn
AMIPAP,-1.6761,1.0808,False,Mn
AMOFIT,-2.1152,2.6828,False,Mn
ATUNAE,-1.7499,3.5758,False,Mn
AYEHOD,1.9998,0.8865,False,Mn
AYEKAS,-0.5401,1.6799,False,Mn
AZISUY,-1.8973,2.5801,False,Mn
BAQXAS,-2.4343,4.0715,False,Mn
BAQXAS01,-2.4358,4.0729,False,Mn
BCHEIM,2.2556,0.2508,False,Mn
BISHIX,2.8842,3.7861,False,Mn
BIVWIM,-0.4380,0.1281,False,Mn
BOQPED,-1.4850,1.8176,False,Mn
BRURMN,-2.4930,3.9225,False,Mn
BRURMN10,-2.5882,3.9052,False,Mn
BUTMNC,2.8292,2.2496,False,Mn
CAXTIH,-1.9306,2.9180,False,Mn
CEHZIZ,-1.9417,3.3579,False,Mn
CERWOL,4.2633,3.2876,False,Mn
CETDAG,0.2336,1.0169,True,Mn
CEVFEO,2.6963,3.5206,False,Mn
CEVHEQ,2.0579,3.4757,False,Mn
CGLYMN,-2.1298,3.9453,False,Mn
CICHEC,-1.8549,2.1177,False,Mn
CIMGOU,2.3361,3.6057,False,Mn
CIMXUS,1.7302,3.5944,False,Mn
CPMNCO01,2.2705,3.9596,False,Mn
CPMNCO02,2.2743,3.9608,False,Mn
CPMNCO03,2.2717,3.9586,False,Mn
CPMNCO04,2.2723,3.9549,False,Mn
CPMNCO05,2.2712,3.9585,False,Mn
DAMXUL,-2.0397,3.4061,False,Mn
DAPBUR,-1.2568,3.1387,False,Mn
DAXPEY,2.7445,3.5067,False,Mn
DEYBOA,-1.0524,0.6747,False,Mn
DOPCOA,-0.1371,1.7798,True,Mn
DOWBEX,2.2513,3.8844,False,Mn
DUJXEM,-1.6610,1.6674,False,Mn
DURMEK,-1.5701,3.2049,False,Mn
EBENOP,2.1915,3.1067,False,Mn
EHIBEC,-2.3321,3.9349,False,Mn
ELIQEW,-2.2201,3.4030,False,Mn
EREYEG,-1.1822,0.9823,False,Mn
ETOROV,-1.1434,1.6371,False,Mn
EXONIO,-1.3955,0.9124,False,Mn
EYOTOB,-0.9753,1.1449,False,Mn
FAKXOE,1.7692,1.8111,False,Mn
FEYTIN,-1.7669,1.7362,False,Mn
FIKCEJ,-0.8486,0.4664,False,Mn
FOHFEP,-1.6673,2.2315,False,Mn
FOKNUO,2.7601,3.5627,False,Mn
FUGNAX,-2.0374,1.9473,False,Mn
FUPDUQ,2.6172,2.5179,False,Mn
GACCIW,-1.6699,2.2699,False,Mn
GAMFUV,-1.0810,0.4234,False,Mn
GEGMAI,2.7008,3.3176,False,Mn
GEQWOO,-1.4451,1.8236,False,Mn
GEVKAW,-1.3928,2.2438,False,Mn
GOJYAH,-1.7722,3.1382,False,Mn
GOMREH,3.4579,2.7683,False,Mn
GOTCAW,2.9112,3.2835,False,Mn
GOXXEW,-1.8868,2.3308,False,Mn
HEDWIZ,-1.6434,2.4219,False,Mn
HEVKOL,2.0701,2.8887,False,Mn
HIJPEV,2.6835,2.7755,False,Mn
HIKZEH,2.3937,2.6357,False,Mn
HILKIX,11.2219,0.3120,False,Mn
HIVDAU,3.2573,3.7567,False,Mn
HIVFEA,3.3662,3.1714,False,Mn
HIVFEA01,3.3679,3.1715,False,Mn
HIYXOC,-0.0668,0.5987,True,Mn
HOLTEH,-1.7900,2.0332,False,Mn
HUCNUP,-1.5989,1.2435,False,Mn
HUDRUU,-1.3734,1.6599,False,Mn
ICPNMN,1.8332,2.0042,False,Mn
IDULOJ,-0.5316,0.4681,False,Mn
IFEWUN,3.0152,2.7567,False,Mn
IKEZAA,-1.3541,0.4396,False,Mn
IYOBAZ,-1.7845,1.4831,False,Mn
IYOBAZ01,-1.7622,1.4809,False,Mn
JAFVOB,-1.2784,1.6781,False,Mn
JAHBID,-0.4056,1.8747,False,Mn
JAHBID10,-0.4056,1.8747,False,Mn
JAXWIP,-2.0173,3.1700,False,Mn
JIWTIS,3.7842,3.1631,False,Mn
KIWQAJ,-2.1031,3.2756,False,Mn
LAMWUR,3.5103,3.1703,False,Mn
LAPWUU,-0.0451,0.0313,True,Mn
LEDZUP,-2.0499,3.5842,False,Mn
LEFYAX,-1.9942,1.6547,False,Mn
LELXOS,-0.8964,0.4124,False,Mn
LEXKEE,0.3813,0.6053,True,Mn
LEZBUP,-2.0852,1.9575,False,Mn
LOZHAL,-1.8182,3.0686,False,Mn
LOZMAQ,-0.6459,2.1716,False,Mn
LUPROD,-1.3282,2.8536,False,Mn
LUPROD01,-1.1957,2.8123,False,Mn
LUZJEV,-1.6378,1.5041,False,Mn
MACHII01,-0.8416,2.3786,False,Mn
MALCDB,-1.6837,2.3424,False,Mn
MAYKAZ,2.2039,2.1423,False,Mn
MEGSOG,2.1046,3.8303,False,Mn
METGEX,-2.3811,3.6920,False,Mn
MILNOK01,2.6293,3.5290,False,Mn
MIRFID,-1.3659,1.2830,False,Mn
MNACAC,-0.9710,1.0946,False,Mn
MNGLUD,-2.0922,3.4700,False,Mn
MOHSIL,-1.1536,1.7261,False,Mn
NAFVEY,-1.6868,2.5340,False,Mn
NAKXUT,2.2838,2.7954,False,Mn
NALGEP,-1.9259,2.4468,False,Mn
NAQQAY,2.0573,0.8938,False,Mn
NEPTAF,-1.1785,1.9045,False,Mn
NILMIG,-0.7614,0.7178,False,Mn
NOTBAZ,-1.8691,3.4049,False,Mn
NUCCUK,-0.7979,2.6975,False,Mn
NUSBAE,0.7663,0.1819,False,Mn
NUZYOY,-1.0093,2.1116,False,Mn
ODIWII,-1.7895,3.1541,False,Mn
OGIPOJ,-0.6720,0.5091,False,Mn
OGIPOJ01,-0.6810,0.4859,False,Mn
OJABEI,3.0855,3.7866,False,Mn
OKIHIB,-0.4954,0.4345,False,Mn
OPOMAJ,-1.3289,0.5186,False,Mn
OQUDAG,1.8501,2.4546,False,Mn
OZUYEO,2.6525,3.6564,False,Mn
PANWEI,-2.7976,1.9292,False,Mn
PAYPOU,3.6949,3.2303,False,Mn
PAYPUA,3.5174,2.9594,False,Mn
PEHBEL01,3.1151,3.5516,False,Mn
PEHCEM,2.1152,3.9759,False,Mn
PEHCIQ,3.1990,3.9286,False,Mn
PEHDEN,3.1967,3.9369,False,Mn
PEKRAY,-1.9184,2.9515,False,Mn
PENHIC,-1.2439,1.6751,False,Mn
PEQMAC,-2.0978,1.5951,False,Mn
PEYKUA,-1.1120,0.5128,False,Mn
PIWKEN,-1.9713,3.8350,False,Mn
PNMNCP,5.3116,1.3206,False,Mn
PNMNCP10,5.2987,1.3235,False,Mn
POGPUZ,-1.9611,2.0030,False,Mn
PUJBAX,-1.4580,1.6331,False,Mn
QECRUO,0.2261,0.1328,True,Mn
QETLAC,-1.4646,3.1097,False,Mn
QIFDAK,2.7239,3.5714,False,Mn
QIFDIS,2.1254,2.7843,False,Mn
QIHQUT,-0.8533,0.3898,False,Mn
QODVEK,3.3295,2.8710,False,Mn
QOYGUG,10.9250,0.7238,False,Mn
QUMDUZ,-1.7607,1.3900,False,Mn
RAKWEF,-1.6482,2.3555,False,Mn
REVJOR,2.9144,3.0494,False,Mn
REVKEK,-1.1571,0.7346,False,Mn
REVKIO,-1.0160,0.5093,False,Mn
RIHQEG,-1.4960,1.4508,False,Mn
RUCZEW,-2.0796,1.2297,False,Mn
RUPXAC,-2.0960,2.8215,False,Mn
RUPXAC01,-2.0982,2.7964,False,Mn
SAGZAB,2.7768,2.5538,False,Mn
SILYOC,3.4551,2.9042,False,Mn
SIWPAQ,-2.0097,3.4124,False,Mn
SOQVEA,-1.9168,2.6417,False,Mn
SOQVOK,-1.5179,1.3817,False,Mn
SOXVIM,-1.2242,1.6392,False,Mn
SUDBAU,2.3937,1.7216,False,Mn
SULCMN,2.7046,3.6463,False,Mn
TACNAN,3.3238,3.7453,False,Mn
TADQOH,-1.4558,1.2613,False,Mn
TAFREX,3.3965,2.2316,False,Mn
TAKDEQ,-1.1763,1.4073,False,Mn
TAKZOV,-2.1258,3.3249,False,Mn
TAMDAM,2.9869,3.4153,False,Mn
TAXCED,-1.9166,2.2641,False,Mn
TEBVIH,-1.5726,3.5772,False,Mn
TISYAV,3.4252,3.0192,False,Mn
TIWJOZ,2.1726,3.1479,False,Mn
TIYWIJ,-2.2790,2.1186,False,Mn
TIZJOD,-1.0311,1.3638,False,Mn
TMAFMN,-1.4768,1.9975,False,Mn
TOBGUN,-1.3986,1.7585,False,Mn
TOKRAN,-2.3629,3.5569,False,Mn
TOMSEU,-1.2314,1.8753,False,Mn
TULGAJ,-1.7709,1.8185,False,Mn
TUWHAV,-1.4140,2.3080,False,Mn
UMOXID,2.7256,3.6200,False,Mn
UMOYEA,2.4715,3.0517,False,Mn
VAKBOA,-1.5235,1.4329,False,Mn
VAQDEY,-1.9307,3.6935,False,Mn
VAQFAW,-1.9574,3.5547,False,Mn
VAQGUR,3.5365,4.1665,False,Mn
VARMUW,3.6135,2.9965,False,Mn
VAYBEC,-2.4238,2.9708,False,Mn
VEBFAJ,0.4456,1.1526,True,Mn
VECQEB,2.5944,3.0779,False,Mn
VEFYIR,2.7236,3.1569,False,Mn
VEWTUN,3.2394,3.8276,False,Mn
VIDGIZ,-1.7917,1.2037,False,Mn
VIJTAK,-1.7849,2.0967,False,Mn
VINXUM,-1.4744,0.9078,False,Mn
WAMLEC,-1.3066,0.8764,False,Mn
WEBREA,3.5875,3.2117,False,Mn
WELLII,1.6365,1.0980,False,Mn
WELNEH,-1.2478,3.2331,False,Mn
WIFSEJ,-1.2196,1.2380,False,Mn
WIFSEJ10,-1.2196,1.2380,False,Mn
WIFSOT,-1.2737,1.5126,False,Mn
WIFSOT10,-1.2737,1.5126,False,Mn
WOFSAO,-2.2867,3.6006,False,Mn
WOHBEC,-1.8290,1.7872,False,Mn
WOPVUS,-1.1090,2.1713,False,Mn
WORKAS,-2.1146,3.3317,False,Mn
WULYOT,-2.1054,2.0997,False,Mn
XAMFEZ,2.8223,3.1131,False,Mn
XAXWOI02,-1.8803,3.1088,False,Mn
XIBBOC,-1.3710,2.1747,False,Mn
XIBCIX,-0.8836,0.7037,False,Mn
XIBCOD,-0.8604,0.6292,False,Mn
XIBSEH,-1.1529,1.3879,False,Mn
XIFNUX,-0.8004,0.5892,False,Mn
XIRMOB,-1.2019,-0.0902,False,Mn
XIYPAX,-2.2664,4.2105,False,Mn
XORGUG,2.5363,3.6645,False,Mn
XORHAN,2.7710,3.5146,False,Mn
YIPYII,2.3212,3.7413,False,Mn
YOJYUR,2.2701,3.4828,False,Mn
YONWUT,-2.2897,3.5113,False,Mn
YONXAA,-1.9336,2.4511,False,Mn
YOQDIS,2.0062,2.5219,False,Mn
YOSZEM,-1.9895,1.9389,False,Mn
YUDFOS,3.3293,2.9092,False,Mn
YUYTIX,1.5076,3.3912,False,Mn
YUYTOD,3.4597,3.3642,False,Mn
ZESJIS,-0.2209,1.3726,False,Mn
ZOCDON,4.6118,3.0641,False,Mn
ZOPKOG,2.9224,2.5022,False,Mn
ZZZKBM01,-2.4583,3.0066,False,Mn
ALILAK,0.7382,2.6892,False,Fe
AMZOFE,0.2725,0.6674,True,Fe
ATOFEW,-0.7367,1.6864,False,Fe
AXOTEO,-0.4495,1.0700,False,Fe
BEXXOT,0.5954,1.7492,False,Fe
BEXXOT01,0.5913,1.7481,False,Fe
BOFFIL,-0.1728,0.9885,True,Fe
BOMXAC10,-0.6061,1.2584,False,Fe
BOTHIB,-0.5548,-0.2268,False,Fe
BUBPIX,-0.0647,0.7628,True,Fe
BUPNIK,1.5385,1.6603,False,Fe
CARQUH,-0.2770,1.0236,False,Fe
CORSEK,-1.0981,0.8857,False,Fe
COTQOS,-1.1226,0.9375,False,Fe
CUCWEE,-0.6412,0.7346,False,Fe
DAQTEX,0.3705,1.8413,True,Fe
DAQTUN,0.3884,1.8778,True,Fe
DEDWUE,-0.0515,0.9538,True,Fe
DETTUR01,0.4888,2.6678,True,Fe
DIHZEC,-0.2990,1.6464,False,Fe
DOCRAR,-0.0792,-0.0004,True,Fe
DOMLUN,-0.4867,1.7405,False,Fe
DUCDIP,-0.4804,0.9974,False,Fe
DUHFAN,1.3309,3.0601,False,Fe
DUXGUA,0.0068,1.6080,True,Fe
EBORIW,0.8930,2.4865,False,Fe
ECOPAO,-0.9817,1.3119,False,Fe
EJONEW,1.3970,1.9026,False,Fe
ELITOK,1.6328,1.5090,False,Fe
ESISOQ,-0.0099,0.9890,True,Fe
ETECAI,-0.2215,0.9012,False,Fe
ETECEM,-0.1615,0.8792,True,Fe
ETUSOC01,-0.4194,0.5140,False,Fe
EVIKUR,-0.7199,1.1244,False,Fe
EVILEC,-0.7254,1.2360,False,Fe
EVILOM,-0.7063,1.1236,False,Fe
EYAPUP,-0.1999,0.4690,True,Fe
FAGNAD,0.3013,1.5068,True,Fe
FIHFIO,-0.6573,1.4167,False,Fe
FINQOJ,-0.2383,0.3937,False,Fe
FIWPOS,1.2581,3.1872,False,Fe
FIXDOH,1.2593,3.1875,False,Fe
FOGFIS,0.2239,1.4772,True,Fe
GAKBEC,2.1084,3.7071,False,Fe
GAVDEN,-0.3106,1.0150,False,Fe
GEPPEX,-0.0732,0.6913,True,Fe
GUGDET,-1.0848,1.7239,False,Fe
GUGTOR,-0.3008,1.6075,False,Fe
GUGTUX,-0.3473,1.6693,False,Fe
HIGGOV,-0.1642,1.1095,True,Fe
HIPLIC,-1.1231,1.5393,False,Fe
HIPXOW,0.7773,2.9270,False,Fe
HIWXIX,-0.4617,1.2241,False,Fe
HOFDEN,-1.0737,1.0626,False,Fe
HOQFEZ,1.4778,2.9255,False,Fe
HOTDOL,-0.4075,0.3418,False,Fe
HUWFOV,1.3719,1.9820,False,Fe
IBUVUW,0.5072,1.6389,False,Fe
IFODIR,1.8771,2.1278,False,Fe
IFODIR01,1.8764,2.1297,False,Fe
JACGAY,-0.6404,1.8018,False,Fe
JAFBOI02,0.7359,2.1162,False,Fe
JAFBOI03,0.7366,2.1164,False,Fe
JAFBUO02,0.6942,2.1082,False,Fe
JAFBUO03,0.6944,2.1085,False,Fe
JAFBUO04,0.6944,2.1089,False,Fe
JAFBUO05,0.6948,2.1071,False,Fe
JAFBUO06,0.6939,2.1085,False,Fe
JAFBUO07,0.6931,2.1068,False,Fe
JAFBUO09,0.6927,2.1080,False,Fe
JAFBUO10,0.6939,2.1084,False,Fe
JAFBUO13,0.6934,2.1060,False,Fe
JAFBUO15,0.7268,2.1056,False,Fe
JAFBUO16,0.6942,2.1065,False,Fe
JAFBUO17,0.6940,2.1076,False,Fe
JAFBUO18,0.6946,2.1087,False,Fe
JAFBUO19,0.6939,2.1084,False,Fe
JAFBUO20,0.6943,2.1078,False,Fe
JAFBUO21,0.6939,2.1096,False,Fe
JAFBUO22,0.6939,2.1087,False,Fe
JAFBUO23,0.6951,2.1093,False,Fe
JAFBUO24,0.8108,2.0985,False,Fe
JAFBUO25,0.6937,2.1087,False,Fe
JAFBUO27,0.6928,2.1061,False,Fe
JAFBUO28,0.6936,2.1140,False,Fe
JEHVAT,0.6947,2.7219,False,Fe
JEHVAT01,0.6988,2.7212,False,Fe
KEWXUH,-0.2183,0.7399,False,Fe
KIRROU,-0.1448,0.4169,True,Fe
KOXPIY,-0.0968,0.9704,True,Fe
KULMOT,0.1542,1.1608,True,Fe
LORLOU,-1.0958,1.7270,False,Fe
MABROY,0.7561,3.0939,False,Fe
MAMKIV,0.9206,1.1152,False,Fe
MELHUH,-0.8674,1.1709,False,Fe
MENWUY,-0.2699,1.2882,False,Fe
MENXOT,0.6200,1.9134,False,Fe
METYEQ,-0.5323,1.4341,False,Fe
MOFRAA,0.5481,2.8531,False,Fe
MONTEQ,-0.7422,0.8339,False,Fe
NALSOK,-0.5115,1.6683,False,Fe
NATBIT,0.3019,0.7796,True,Fe
NENQON,0.5394,1.7979,False,Fe
NETGEA,0.5019,2.0761,False,Fe
NETGEA01,0.5359,2.0732,False,Fe
NIKFAO,-0.4094,0.9448,False,Fe
NIVZOK,-0.4555,0.4297,False,Fe
NOYYUX,2.6714,2.5764,False,Fe
NUXSEF,0.6968,3.0378,False,Fe
OFIFIU,0.1313,1.4185,True,Fe
OFUQUB,2.2659,1.2732,False,Fe
OJIVUY,0.4463,1.6435,True,Fe
OQUDOU,0.6991,1.2788,False,Fe
PADJAH,-0.8088,1.2211,False,Fe
PAGYUU,1.6944,2.4133,False,Fe
PAGZIJ,1.5953,1.8618,False,Fe
PEMNUQ,-0.4719,0.7389,False,Fe
PIYYON,-0.3744,1.1447,False,Fe
POFYAL,-0.2542,0.7491,False,Fe
POQXEB,-0.6113,1.1265,False,Fe
POQXOL,-0.3745,1.2209,False,Fe
PUXREG,-1.0346,0.5048,False,Fe
QATRAE,1.1206,1.7557,False,Fe
QAXQUD,1.0743,3.1108,False,Fe
QAXQUD01,0.6867,3.1111,False,Fe
QAXQUD02,1.0765,3.1107,False,Fe
QAXQUD03,1.0766,3.1165,False,Fe
QAXQUD04,1.0745,3.1168,False,Fe
QEFDOW,-0.5665,1.3424,False,Fe
QEFFAK,-0.1999,1.0774,True,Fe
QEFFOY,-0.3556,1.1434,False,Fe
QEQTUE,0.6452,1.5412,False,Fe
QOBGIZ,-0.4119,1.0372,False,Fe
QUWGUM,-0.3023,1.0988,False,Fe
RONXEX,-0.1275,1.4711,True,Fe
RUKLOY,95.9133,0.1168,False,Fe
SAXCIG,-0.9056,1.3841,False,Fe
SEFXOR,-0.5957,1.8370,False,Fe
SEMREK,-0.4383,0.4172,False,Fe
SIWVAV,-1.7432,1.3022,False,Fe
SOSGEN03,0.5114,1.6080,False,Fe
SUJREU,-1.6244,0.4082,False,Fe
TAMSUY,0.6131,0.3326,False,Fe
TARJON,-0.5218,0.8865,False,Fe
TOBMON,-1.0444,1.6383,False,Fe
TORMIZ,-0.4418,1.5620,False,Fe
TUNKAP,-0.3226,0.8940,False,Fe
TUYPUA,-0.1510,1.0249,True,Fe
UCIVEH,-0.1931,1.0538,True,Fe
UYAQUI,-0.6461,2.1230,False,Fe
VILRIT,-1.0391,1.7287,False,Fe
WAMNEE,-0.3016,0.4209,False,Fe
WAZNET,0.2376,0.6543,True,Fe
WEHHAU,2.6428,3.0838,False,Fe
WEWQOH,-0.5891,0.8970,False,Fe
WIWBEK,-0.4936,0.9207,False,Fe
WODKAB,-0.1443,0.6236,True,Fe
WODKEF,-0.3220,1.0698,False,Fe
XEFPEF,0.4947,0.9434,True,Fe
XEFPEF01,0.4876,0.9538,True,Fe
XEFPEF02,0.7988,0.9496,False,Fe
XEFPEF03,0.4562,0.9412,True,Fe
YEQKUD,0.1896,2.5048,True,Fe
YEQPEQ,1.5792,2.1778,False,Fe
YIJQIT,-0.2427,1.1240,False,Fe
YUPGUM,-0.3765,0.2321,False,Fe
YUZYAV01,-0.4714,1.1224,False,Fe
ZEWVIJ,3.5954,3.2644,False,Fe
ZUNYIQ,-0.5210,0.4112,False,Fe
GOXSET,0.3761,0.1632,True,Fe
IKUNOT,0.0000,0.7204,True,Fe
JAFBUO08,0.7480,2.1078,False,Fe
JAFBUO11,0.7444,2.1059,False,Fe
JAFBUO12,0.7280,2.0993,False,Fe
JAFBUO14,0.7359,2.1081,False,Fe
JAFBUO26,0.7226,2.1054,False,Fe
ACEYOW,0.8681,2.8624,False,Fe
ACEYOW01,0.8682,2.8645,False,Fe
ARISAW,1.1922,2.6038,False,Fe
BADXAG,0.1481,2.7129,True,Fe
BADYIP,1.3207,1.7007,False,Fe
BADYUB,1.3168,1.5715,False,Fe
BAKKIJ,1.3050,2.6725,False,Fe
BAYDOV,0.2818,0.2756,True,Fe
BAZZEG,3.0127,3.3309,False,Fe
BEGWUI,1.3779,2.8466,False,Fe
BEPBUT,1.6013,2.0033,False,Fe
BIPTOJ,1.1393,2.8303,False,Fe
BIPZEF,1.5093,2.5307,False,Fe
BONMAV,2.3133,3.4561,False,Fe
BOYFIG,1.1979,1.4370,False,Fe
BUCZOO,1.1175,2.6819,False,Fe
BUKPAA,1.0391,3.2610,False,Fe
BUXHOR,1.2114,3.1480,False,Fe
BZTBFE,3.1990,2.3093,False,Fe
CARQUH01,-0.2776,1.0220,False,Fe
CAZZEJ,1.4309,2.3429,False,Fe
CETFAI,-0.4632,1.5148,False,Fe
CILMIV,1.4325,1.6830,False,Fe
CIMBUW,1.5638,3.1497,False,Fe
CIPQAU,3.3725,3.4890,False,Fe
CITCUD,1.8746,0.1614,False,Fe
COSDFE,1.8755,2.3373,False,Fe
CPCIFE01,1.0362,2.6907,False,Fe
DAPCOM,-0.3031,1.2017,False,Fe
DAQSUM,0.3298,1.8300,True,Fe
DAQTAT,0.4115,1.7450,True,Fe
DAQTOH,-1.5872,1.9125,False,Fe
DEXNEC,0.3953,2.4501,True,Fe
DEZMIF,-0.5899,0.0788,False,Fe
DIJDOS,-1.0169,1.1882,False,Fe
DIJLIU,1.2952,3.3408,False,Fe
DIJLOA,1.4605,3.2649,False,Fe
DOFGAH,-1.1478,0.7666,False,Fe
DOSSAF,2.5443,3.5098,False,Fe
DUFYAG,1.2710,1.7639,False,Fe
DUGCOY,1.4087,3.2536,False,Fe
DULSAE,2.7483,3.6704,False,Fe
DULSAE10,2.7499,3.6732,False,Fe
DULYEQ01,-0.4285,1.0994,False,Fe
EADBIU,1.4855,2.1877,False,Fe
EBAGUK,1.4812,3.3037,False,Fe
EBAKAV,2.2029,2.4121,False,Fe
EBAKID,2.0117,2.6721,False,Fe
EBAKOJ,1.6658,1.6300,False,Fe
EBAKUP,1.8357,1.6235,False,Fe
EBTFEC,3.2770,2.3156,False,Fe
ECOPES,-0.9745,1.3449,False,Fe
EDIFEF,0.8420,1.5366,False,Fe
EDURIG,3.4321,-0.1154,False,Fe
EFAMUU,1.3954,3.1675,False,Fe
EHABAQ,2.5064,3.3055,False,Fe
EHEJIL,3.3033,3.5740,False,Fe
EMOYIP,1.4799,2.9029,False,Fe
ENEZAY,1.3709,3.1170,False,Fe
ENOZOY,2.0132,2.6229,False,Fe
ETAFAI,-0.7060,0.6246,False,Fe
FAJFUS,-1.1874,1.0829,False,Fe
FIXMEG,2.2170,2.0585,False,Fe
FIXSAH,-0.1818,1.3073,True,Fe
FOVNOV,1.4455,1.7631,False,Fe
FUVPUI01,0.1265,0.0066,True,Fe
GAYZEL,-0.5450,0.4337,False,Fe
GEQTUS,-1.6316,1.2569,False,Fe
GIYXES,1.3821,2.3474,False,Fe
GIYXIW,1.3676,2.1844,False,Fe
GOCSIA,-0.3260,1.4983,False,Fe
GOCSIA01,-0.0512,0.5505,True,Fe
GOGDUC,0.1560,1.2399,True,Fe
GOJFIU,1.6523,2.3791,False,Fe
GOQYAO,-0.2069,1.4565,False,Fe
GUZBUA,0.5586,1.0180,False,Fe
GUZFUD,3.3310,1.5554,False,Fe
HAGCEY,1.9254,3.0022,False,Fe
HAKDOO,-0.4243,0.9123,False,Fe
HAMGAE,1.4241,3.0930,False,Fe
HEBJAC,1.3558,2.7212,False,Fe
HEYNEE,0.1711,2.3497,True,Fe
HISCER,1.5185,0.0960,False,Fe
HISFAS,1.4731,2.8325,False,Fe
HOKYEO,1.4303,2.8050,False,Fe
HOVHEH,1.4823,2.6080,False,Fe
HOXXEX,-0.6954,1.0431,False,Fe
HOYHIM,1.4120,1.8415,False,Fe
HUKXAM,1.4015,2.8718,False,Fe
HUXJIT,1.4556,3.3145,False,Fe
ISIBIW,-0.9486,0.7066,False,Fe
ITIGAU,3.1585,2.5268,False,Fe
IVEVIQ,3.0353,3.4177,False,Fe
IXIFAW,-0.1666,1.2208,True,Fe
JALYOK,3.2056,2.1027,False,Fe
JALYOK10,3.2056,2.1027,False,Fe
JATTEE,1.4002,3.0729,False,Fe
JATZIQ,0.1654,2.7318,True,Fe
JAVHIY,0.2852,2.5755,True,Fe
JAYYEO,1.3849,3.0724,False,Fe
JOHXEK,0.4906,1.9467,True,Fe
KAPHUG,-0.5100,1.1327,False,Fe
KELXUU,-1.0251,1.0532,False,Fe
KISCUK,2.6638,2.6784,False,Fe
LEHTEY,0.5284,3.0110,False,Fe
LEKJUH,1.2133,2.3274,False,Fe
LELGAN,-0.3555,1.5308,False,Fe
LIBBIJ,2.5745,2.6914,False,Fe
LIWKOR01,0.2738,0.6072,True,Fe
LOKXEQ,1.3793,3.1907,False,Fe
LOLKOO,2.5782,2.6987,False,Fe
LOPHED,1.4048,1.3513,False,Fe
LOPLUX,2.2615,1.4178,False,Fe
LUCZIS,1.4097,0.3058,False,Fe
LUTTUR,1.3086,2.7937,False,Fe
MEDOFE,4.7337,3.8910,False,Fe
MEDOFE10,4.6640,3.8901,False,Fe
METGIB,-1.1454,1.2285,False,Fe
MIDBUY,-0.6509,1.3793,False,Fe
MIDJOY,0.7790,1.6463,False,Fe
MIPGAT,1.4455,3.2568,False,Fe
MIPGIB,1.4473,3.2547,False,Fe
MISQEM,3.7928,3.2095,False,Fe
MIZKAH,4.1941,2.9736,False,Fe
MTCBFE,-0.5446,1.5245,False,Fe
MUDVAI,-0.4747,0.5044,False,Fe
MULWUN,1.7667,2.5313,False,Fe
MURFAH,-0.7893,-0.4858,False,Fe
NALRUN,1.0399,0.8065,False,Fe
NAQVOQ,1.9654,2.4853,False,Fe
NATKEY,-1.1292,1.4546,False,Fe
NEDKOZ,4.0847,3.5520,False,Fe
NICSAW,-0.9579,-0.1414,False,Fe
NOBYOU,-0.3527,1.2533,False,Fe
NPTTHF,2.9504,1.7319,False,Fe
NUHPEN,0.3271,2.6214,True,Fe
OBIBAE,1.0257,2.5919,False,Fe
OFANER,-0.4296,1.3932,False,Fe
OGUNEM,1.3596,3.0105,False,Fe
OJIPOM,1.6507,2.1004,False,Fe
ORIXUJ,1.3476,3.1742,False,Fe
ORIYAQ,1.3426,3.1791,False,Fe
OROWOJ,1.2214,2.3208,False,Fe
OWURUU,3.2282,2.6648,False,Fe
OXEPOX,1.3674,2.6407,False,Fe
OZENUE,1.5282,2.2552,False,Fe
OZIFEJ,1.3477,3.0892,False,Fe
PEHJOB,1.4886,3.2367,False,Fe
PERPIM,3.6412,3.5165,False,Fe
PESJEC,2.4425,2.5889,False,Fe
PIDBEJ02,-0.4796,0.5172,False,Fe
PIFXUZ,1.8556,3.0533,False,Fe
PIMMOQ,-0.4691,1.3208,False,Fe
PINZER,1.4273,2.9867,False,Fe
POWVED,-0.8823,1.8384,False,Fe
PUBTOV,1.3863,2.2418,False,Fe
PURCUA,-0.4644,1.2873,False,Fe
PURYIK,-0.9226,1.3552,False,Fe
QACVIB,-1.0536,1.2473,False,Fe
QECSAV,-0.3839,1.2281,False,Fe
QENVOX,-0.4949,0.4671,False,Fe
QERLOO,2.6134,3.3779,False,Fe
QIWCOO,3.8889,2.6465,False,Fe
QIXDEI,-0.2882,1.0605,False,Fe
QIXDIM,-0.9362,1.0879,False,Fe
QOKYIY,3.0051,2.3433,False,Fe
QOKYOE,3.0681,1.9650,False,Fe
RANGUL,1.2961,2.8680,False,Fe
RAPXOY,0.9345,3.6711,False,Fe
RAPXOY01,-1.4331,0.2872,False,Fe
RAWHED,1.6151,0.8989,False,Fe
RAXWUI,3.0957,3.3289,False,Fe
RAYVUI,1.4556,2.8540,False,Fe
RAZCOM,2.2647,3.2342,False,Fe
RENGAV,-1.3134,1.4841,False,Fe
RIFSEF,-1.4801,1.6009,False,Fe
RIFSEF01,-1.6053,1.6486,False,Fe
RIPXIX,-0.3181,1.6042,False,Fe
RITKOV,1.4196,2.8992,False,Fe
ROGXIX,1.4099,3.1559,False,Fe
RONROE,0.1950,2.5415,True,Fe
ROZPAY,-1.1650,1.6064,False,Fe
RUQKET,1.8364,2.6560,False,Fe
RUTCEP,1.4378,2.4466,False,Fe
SAYMIO,-1.3597,1.3724,False,Fe
SEVXOG,1.2946,0.5513,False,Fe
SIDVIL,-1.4577,2.1107,False,Fe
SIWSAS,1.4220,2.7476,False,Fe
SOBKIE,1.3552,2.8216,False,Fe
SOGLOP,-0.1485,1.2489,True,Fe
SOMTAP,2.8899,1.9343,False,Fe
SOPBII,1.1624,3.1145,False,Fe
SOVJIX,1.4612,2.1287,False,Fe
SUGNOA,3.1377,3.2189,False,Fe
SUYQIO,2.5496,2.7506,False,Fe
TADQUN,-0.8900,0.4095,False,Fe
TADVID,0.9513,1.3823,False,Fe
TALDIU,1.3647,3.0426,False,Fe
TAPZOC,-0.9444,1.1593,False,Fe
TAWLOT,1.4393,0.9425,False,Fe
TAXQUH,-0.5269,1.2768,False,Fe
TEBVOM,3.4312,3.9208,False,Fe
TFORHI10,-0.4247,1.2959,False,Fe
TICYOW,1.3106,1.9418,False,Fe
TIDYIQ,1.5105,2.6955,False,Fe
TIDYOW,0.8353,3.1478,False,Fe
TIDYOW01,0.8368,3.1464,False,Fe
UFUBUS,1.4053,2.1603,False,Fe
UJALAU,0.3660,0.6482,True,Fe
UPUNAV,1.2325,2.5828,False,Fe
UYERAT,1.3437,2.8501,False,Fe
UYIBOU,1.1711,2.5178,False,Fe
VEWVEA,1.3632,2.1085,False,Fe
VIBFIX,1.3496,1.5915,False,Fe
VISJIS,1.4118,2.5311,False,Fe
VIXXAB,1.3342,1.7550,False,Fe
VUGQAR,-0.6554,1.2488,False,Fe
VUPTIL,1.5520,2.4025,False,Fe
WAHPEC,-0.6755,0.7518,False,Fe
WALSOS,1.3654,3.0416,False,Fe
WANZAN,1.4861,3.1668,False,Fe
WEZMET,1.9066,2.5625,False,Fe
WIYGOA,-0.5556,1.5719,False,Fe
WUGWAW,0.2133,2.1740,True,Fe
XACSOK,1.4074,3.2073,False,Fe
XALHUN,4.4826,3.7963,False,Fe
XAMMON,-1.0690,0.9919,False,Fe
XELCOG,1.0904,2.5826,False,Fe
XEZYIM,-0.9988,1.2156,False,Fe
XIBTEK,3.8701,3.7454,False,Fe
XIWMAS,-0.5925,1.7872,False,Fe
XOJJEL,1.4307,1.1482,False,Fe
XOLYII,2.3874,2.6059,False,Fe
YEDCUG,0.2606,2.7842,True,Fe
YENFON,1.2117,3.0150,False,Fe
YIKDEC,2.1775,2.5711,False,Fe
YIKQUF,4.3391,3.4740,False,Fe
YIPGIQ,2.9873,3.0939,False,Fe
YOVRIK,-1.7030,1.4821,False,Fe
YUBCOQ,1.3118,2.3120,False,Fe
ZAPYUN,-0.6642,1.3396,False,Fe
ZEBSAA,1.3289,2.3678,False,Fe
ZEDMIH,0.5314,0.7796,False,Fe
ZEHPIL,0.1994,2.7793,True,Fe
ZUYMAH,3.9840,1.6842,False,Fe
ADITIT,0.0433,1.6126,True,Co
APICCO02,-0.2605,1.7303,False,Co
APICCO05,-0.2584,1.7317,False,Co
APICCO06,0.4334,0.9259,True,Co
APICCO07,-0.2605,1.7293,False,Co
ATOTEK,-0.0623,1.7064,True,Co
AYINOM,-0.4854,2.0015,False,Co
AZMTCO,1.4813,1.7831,False,Co
BEBJIB,2.3235,3.4939,False,Co
BELZOH10,1.9121,1.6088,False,Co
BIGNOU,6.7828,2.4345,False,Co
BIGNOU01,1.9666,2.4215,False,Co
BOZLUZ,-0.1372,1.8074,True,Co
BUBQIA,-0.1582,1.5178,True,Co
BUBQOG,-0.5483,1.9778,False,Co
BUZPUJ,-0.3237,2.0172,False,Co
CABSUU,-0.1745,1.3994,True,Co
CASSEV,-0.3891,1.7221,False,Co
CIDLEG,1.7889,3.2953,False,Co
CIJWAW,-0.5994,2.0481,False,Co
CIMTID,-0.2288,1.8646,False,Co
CITBIT,1.6243,2.5596,False,Co
CONICH01,-0.1938,1.6090,True,Co
CONICH04,-0.1938,1.6131,True,Co
CONICH05,-0.5822,1.7547,False,Co
COSBUI,-0.1333,0.6812,True,Co
COTQUY,-0.7613,1.5947,False,Co
CUYGAG,-0.2670,1.8361,False,Co
DAHROU01,-0.1843,1.6130,True,Co
DIXCOD,0.0815,0.7869,True,Co
EAIMCO,0.8563,1.5037,False,Co
ELAHEE,-0.3900,1.8444,False,Co
ERINID,2.2835,3.5684,False,Co
EYUNIW,-0.3393,1.6286,False,Co
FIFLEO,-0.6203,2.0998,False,Co
FUGGUK,1.7924,1.7008,False,Co
FUNLIJ,1.7284,2.0112,False,Co
GODDIM,0.3402,0.9233,True,Co
GODDOS,-0.1808,1.7646,True,Co
GOKVIL,1.6698,1.3432,False,Co
HAGPEL,-1.0932,1.6121,False,Co
HAJGEF,0.0210,1.1224,True,Co
HECZIY,0.6517,1.7692,False,Co
HILBUC,0.0047,1.2216,True,Co
HOTDUR,-0.2747,1.5383,False,Co
HUTLIT,-0.2603,1.7325,False,Co
IMOQIL,-0.6629,1.8783,False,Co
INUVUI,1.2412,2.7126,False,Co
IPUVUK,-0.2562,1.6068,False,Co
IRONUY,-0.0774,1.8364,True,Co
IWOFUV,-0.3495,1.2150,False,Co
IXOCED,-0.3002,1.7682,False,Co
JAGTUH,-0.4204,1.5325,False,Co
JAGTUH01,-0.4232,1.5336,False,Co
JAWSUY,-0.6050,1.4421,False,Co
JEDHIM,0.1301,1.4046,True,Co
JOPJAC,-0.4072,1.8265,False,Co
KAVPEF,-0.2547,1.8284,False,Co
KEWXOB,0.0315,1.6989,True,Co
KIDHOX,-1.0974,1.9966,False,Co
KIGDUA,0.0799,1.6650,True,Co
KIJQAY,-0.4587,1.8090,False,Co
KOMXAM,0.3244,1.9367,True,Co
KUYNAU,-0.0071,1.7102,True,Co
LEQKAU,-0.2910,1.7662,False,Co
LEQKAU01,-0.2912,1.7698,False,Co
LERWAI,-0.3076,1.5478,False,Co
LERWAI01,-0.3075,1.5651,False,Co
LILZAI,0.4662,1.7561,True,Co
LOKBEV,1.3172,2.2563,False,Co
MAHTOF,-0.3173,1.9870,False,Co
MAJKOY,-0.2463,1.6438,False,Co
MUKZEY,1.1961,1.2081,False,Co
NADVAQ,1.7360,3.0053,False,Co
NADVAQ01,1.7358,3.0040,False,Co
NADVEU,1.1226,1.2667,False,Co
NANNUM,-0.4458,1.6702,False,Co
NIPWAK01,0.1252,1.9934,True,Co
NIRTUG,-0.3997,1.2985,False,Co
NOPDON,-0.3000,1.8241,False,Co
OCIGIT,0.4876,0.5022,True,Co
OCIGIT01,-0.5708,1.4498,False,Co
OXIXAW,0.3802,2.1013,True,Co
OXPRCP,1.8835,3.3761,False,Co
PAQRIK,0.0510,1.2447,True,Co
PEHHOC,0.9864,2.2020,False,Co
PETLUY,-0.2852,1.5948,False,Co
PEYRUH,-0.5328,1.8942,False,Co
PITCUR,-0.3149,1.8627,False,Co
POYVIJ,-0.1479,1.5345,True,Co
PRZCOB,-0.2092,1.6396,False,Co
PRZCOB01,-0.2241,1.6219,False,Co
PRZCOC,-0.1938,1.8786,True,Co
PRZCOC02,-0.1939,1.8785,True,Co
PRZCOC03,-0.1939,1.8785,True,Co
PRZCOC04,-0.1998,1.8799,True,Co
PRZCOC05,-0.1938,1.8782,True,Co
PUFXAQ,-0.3788,1.8471,False,Co
QIJYOA,0.0055,1.9134,True,Co
QOYMUO,-0.1344,1.9583,True,Co
QOYWEJ,-0.3797,1.7103,False,Co
QUWDIW,-0.4769,1.9449,False,Co
RAMFIV,-0.2274,1.9505,False,Co
RAMFIV01,-0.0422,1.8070,True,Co
RIBPAT,-1.0665,1.5592,False,Co
RIBPAT02,-0.0503,1.6378,True,Co
RIDWEG,0.1502,0.0000,True,Co
RIKTEN,0.9623,0.0076,False,Co
RUFVIZ,-0.8825,2.0799,False,Co
SAPBIV,-0.9152,2.1116,False,Co
SAPBIV01,-0.9101,2.1114,False,Co
SAYZAU,0.3669,1.2149,True,Co
SAZXIA,-0.3415,1.6480,False,Co
SEBVAZ,0.1888,0.5489,True,Co
SEBVAZ01,0.1962,0.5482,True,Co
SESYEX,-0.1505,1.7642,True,Co
SESYIB,-0.2409,1.7256,False,Co
SETJEI,-0.9011,2.0038,False,Co
SEYYAW,-0.7504,1.4624,False,Co
SOMGEH,0.6007,0.2160,False,Co
TAWHIL,0.6508,0.3149,False,Co
TAWHIL01,0.6529,0.3162,False,Co
TAWHIL02,0.6466,0.3188,False,Co
TAWHIL03,0.6502,0.3323,False,Co
TAWHIL04,0.6696,0.3489,False,Co
TAWHIL05,0.6487,0.3142,False,Co
TAYBIH,-0.3571,1.9639,False,Co
TEWYAV,-0.1504,1.8170,True,Co
TEZLAN,-0.4689,1.9223,False,Co
TIBPUR,-0.4466,1.7258,False,Co
TTACOP01,-0.0750,1.3961,True,Co
TUSQAB,-0.9035,1.9174,False,Co
TUSQAB01,-0.8469,1.7798,False,Co
TUSQAB02,-0.8895,1.9185,False,Co
UKETAF,1.2732,0.4247,False,Co
UMEBUL,0.0088,1.0169,True,Co
UPOROH,-0.3108,1.0274,False,Co
VAKTIK,0.6004,1.3300,False,Co
VAMYOX,0.5054,2.2151,False,Co
VAMYOX10,0.5054,2.2151,False,Co
VEGHOE,1.6265,3.1661,False,Co
VEVTEY,1.5936,1.8995,False,Co
VIDBIU,0.5791,1.0508,False,Co
VIHTOX,-0.2254,2.0257,False,Co
VIHTOX01,-0.2240,2.0305,False,Co
VUJREY,-0.0111,1.6004,True,Co
VUWZIW,-0.8945,1.9295,False,Co
VUWZIW01,-0.8879,1.8050,False,Co
WIRGEJ,2.2829,3.4417,False,Co
WIWBIO,-0.3397,1.8247,False,Co
WIYJEV,3.9587,2.3668,False,Co
WUCGUZ,-0.8032,1.1888,False,Co
WUTJUS,0.1217,0.9157,True,Co
WUWDEY,-0.1524,1.6886,True,Co
WUWDIC,-0.1329,1.6357,True,Co
XAPVEQ,-0.3673,1.6546,False,Co
XAVLUD,0.0646,0.9185,True,Co
XAXFIL,-0.0608,1.8394,True,Co
XEPDOM,-0.2744,1.5396,False,Co
XUBNAK,-0.0260,1.4061,True,Co
YEJFUQ,-0.4875,0.9442,False,Co
YIBQIK,1.6775,1.5450,False,Co
YISVAY,0.8203,1.7419,False,Co
YUWXOE,0.2497,0.3535,True,Co
ZEDGUK,1.6117,1.9028,False,Co
ZOKWIH,2.3961,1.7751,False,Co
ZOKWIH01,2.4076,1.7854,False,Co
ZOKWIH02,2.4110,1.7878,False,Co
ADEQOS,0.6977,1.3704,False,Co
AMECOA01,1.6272,1.4609,False,Co
AMZDCO,0.6217,1.6954,False,Co
APENCP,-0.1440,0.3879,True,Co
APRCOB,1.7341,3.2735,False,Co
ATEVUS,0.5573,0.1541,False,Co
AZARAW,-0.0977,1.5290,True,Co
BACNOJ,0.2125,1.0700,True,Co
BEKJOQ,2.6461,3.6176,False,Co
BELZAW,18.8148,0.7229,False,Co
BENKAI,-0.0756,1.6032,True,Co
BEXNIB10,-0.1015,1.9634,True,Co
BICNEG,-0.8531,1.9718,False,Co
BIJRES,-0.1389,1.9155,True,Co
BIRSUO,-2.4642,1.9572,False,Co
BIVBEN10,1.5583,1.4155,False,Co
BOHGAG,2.5617,3.0712,False,Co
BOZNIP,-0.0688,1.8229,True,Co
BUNYEP,-0.3526,1.7701,False,Co
CABGOB,0.3579,0.4349,True,Co
CAFPII,1.1636,2.6445,False,Co
CAIMCO,0.8864,1.4149,False,Co
CEHYAP01,2.8337,3.5913,False,Co
CEWTUT,1.7016,3.2059,False,Co
CEWTUT01,1.7010,3.2070,False,Co
CIFPIQ,1.5330,2.6437,False,Co
CONICH02,0.4901,0.9781,True,Co
CONICH03,-0.5809,1.7576,False,Co
COPRAB20,2.0468,2.6063,False,Co
COPTCY07,0.8226,1.5278,False,Co
COTNCL,2.0328,3.4595,False,Co
CUFGIT,-0.4293,1.8056,False,Co
CUWTAQ,-0.1858,1.6055,True,Co
DABUCO,0.9959,-0.8584,False,Co
DAGLAA,-0.6552,1.7303,False,Co
DAKZUK,-0.3662,1.7462,False,Co
DETCEN,2.8226,2.6119,False,Co
DEWLAS,0.4491,1.8141,True,Co
DMAZCO,-0.4330,1.7411,False,Co
DMAZCO01,-0.4354,1.7409,False,Co
DMAZCO03,-0.4551,1.7423,False,Co
DMAZCO04,-0.4179,1.7406,False,Co
DOHXUT,0.8401,1.8259,False,Co
DUHMEZ,1.6411,2.8984,False,Co
DUMBOC,-0.2965,1.6060,False,Co
DUPQEL,0.1473,1.0799,True,Co
DUQZIZ,-0.2787,1.7349,False,Co
DUSJUW,1.2981,1.8221,False,Co
EACPCO,0.0531,1.7876,True,Co
EAPRCZ10,1.8276,3.3393,False,Co
EDETIT,-0.4114,1.9603,False,Co
EDUSEC,-0.0708,1.7108,True,Co
EGUKUP,-0.7859,1.4000,False,Co
EJOYIN,-0.0832,1.3577,True,Co
EMACOC,1.9026,3.2211,False,Co
EMANAJ,-0.1368,1.7812,True,Co
EMARIT02,0.8234,1.3811,False,Co
ENACCO,-0.6584,2.5642,False,Co
ENACCO01,-0.5250,1.5775,False,Co
ENCOCL01,1.7832,3.0370,False,Co
ENCOCT,2.3063,3.6501,False,Co
ENCOCT01,1.9285,0.6270,False,Co
EPAXOJ,2.1356,1.4800,False,Co
EREHIT,-0.6851,1.8361,False,Co
ETAQAS,-2.3319,1.4865,False,Co
EVABAE,1.6170,2.6251,False,Co
EYEMIG,1.4919,2.9461,False,Co
FEYMIG,1.2070,1.8090,False,Co
FIRQIH,2.7199,3.6564,False,Co
FOHHAL,1.2840,2.5437,False,Co
FUTKUA,-0.0216,1.4909,True,Co
GADMEE,1.6685,3.1793,False,Co
GADXUE,1.5596,3.0572,False,Co
GAGVOB,-0.6275,1.7321,False,Co
GAPZEC,1.5719,2.7679,False,Co
GETNAV,-0.8981,2.0895,False,Co
GIWZUJ,-0.0114,2.0107,True,Co
GOLRUV,-0.2896,1.9242,False,Co
GULQIP,0.5154,2.3268,False,Co
GXMPYC10,3.1053,2.1333,False,Co
HAJKIM,-0.2071,1.9297,False,Co
HESGAO,0.0590,1.9933,True,Co
HEVCUG,1.1398,2.6009,False,Co
HEWBOB,-0.0898,1.1784,True,Co
HIPLOI,-0.4667,2.0744,False,Co
HIQWEK,-0.0553,1.5189,True,Co
HOFYEJ,-0.2694,1.6411,False,Co
HORLEF,1.7552,2.4824,False,Co
HOSROX,-0.1926,1.3656,True,Co
HUCPIF,-0.1202,1.3483,True,Co
IBASOW,-0.0893,1.1770,True,Co
ICUNOK,-0.0279,-0.0395,True,Co
ICUNOK01,-0.6952,1.7067,False,Co
IFADOJ,-0.5190,1.8493,False,Co
IFOCEL,2.3030,2.9571,False,Co
IFUNAZ,-0.1581,1.7468,True,Co
IFUNAZ01,-0.1604,1.7496,True,Co
IGAYAQ,-0.1942,1.6883,True,Co
IGAYAQ01,-0.1930,1.8107,True,Co
IHIDIM,0.2011,1.7942,True,Co
IKEZEE,-0.6214,0.4618,False,Co
INAWEZ,-0.0734,1.7860,True,Co
IQUGEG,-0.8991,1.4489,False,Co
ISAJIW,0.5591,0.4546,False,Co
IWINOT,-0.2733,1.8181,False,Co
IWOVOF,-0.0303,1.7803,True,Co
IZIHEF,-0.3161,1.8346,False,Co
JAGKAD,2.1353,3.2782,False,Co
JAHDAX,1.9862,1.3814,False,Co
JAHZOK,-0.1617,1.8027,True,Co
JAWDOA,-5.2086,0.7758,False,Co
JAWDUG,0.6308,0.4230,False,Co
JAXKIF,0.2153,2.3519,True,Co
JEDTOC,-0.6128,0.8231,False,Co
JOPDOK,0.5847,1.1925,False,Co
JOPHEE,-0.2425,1.5055,False,Co
JOPHUU,-0.3560,1.9238,False,Co
JOYNEQ,-0.7887,1.9027,False,Co
KATLIC,-0.1839,1.5258,True,Co
KESLOL,0.4955,0.4279,True,Co
KESLUR,-0.0542,0.3265,True,Co
KIBKEO,-0.3915,1.2702,False,Co
KIBKOV,1.8206,3.0603,False,Co
KICXEC,-0.0384,1.6832,True,Co
KIJXIL,-0.4236,1.5014,False,Co
KIJXIL01,-0.4276,1.4780,False,Co
KIJXIL02,-0.4253,1.4804,False,Co
KOJTIM,-0.3204,1.6998,False,Co
KOPGAA,-0.1247,1.6322,True,Co
LARZAH,-0.6268,1.7925,False,Co
LEHLER,-0.0850,1.5911,True,Co
LEMKIX,0.1210,1.6364,True,Co
LIGNOE,1.8106,3.2715,False,Co
LOMQOT,2.0536,3.3230,False,Co
LOZLOD,-0.1934,1.9804,True,Co
LUHHOL,-0.7839,1.3270,False,Co
LUYVEG,-0.3946,1.9576,False,Co
MAHMUF,-0.4061,1.8215,False,Co
MANSOM,-0.9252,2.1597,False,Co
MARTEG,-0.3854,2.0670,False,Co
MAXHAU,-0.0321,1.7554,True,Co
MEBGAO,2.3900,2.1646,False,Co
MEQJAU,-0.5305,1.8943,False,Co
MGXPCP,1.3079,1.3136,False,Co
MIMYAI,0.2912,2.1287,True,Co
MINPAA,-0.0624,1.6923,True,Co
MINZIS,2.0571,1.1771,False,Co
MIRYES,-0.1626,1.9791,True,Co
MOFKAW,-0.2630,1.6292,False,Co
MOMWOB,1.8106,2.0295,False,Co
MUFWIW,-0.1510,1.6957,True,Co
MULWUL,0.0378,1.9996,True,Co
MYNBCO,3.4399,2.3290,False,Co
NABNIP,-0.0712,1.7667,True,Co
NAFTUK,0.8459,0.0317,False,Co
NALCIO,-0.3366,2.0227,False,Co
NAVWUC,1.5450,3.0929,False,Co
NAZYEV,1.4274,2.9068,False,Co
NIRTOA,-0.0498,1.4459,True,Co
NIZMUE,2.3340,3.4096,False,Co
NOPDAZ,-0.4268,1.8583,False,Co
NUKHOS,-0.0549,1.7705,True,Co
NUPBOQ,-0.1742,1.7805,True,Co
OSIQOX,0.0635,2.0743,True,Co
OVAZER,-0.6344,1.9376,False,Co
OXPACO,-0.0117,1.7244,True,Co
PAMSON,-0.9051,1.8941,False,Co
PAMSUT,-0.9713,1.9367,False,Co
PECLUG,-0.3984,1.4452,False,Co
PELLEX,-0.0668,0.9426,True,Co
PENGOE,1.2332,0.1439,False,Co
PEVXAP,2.2077,3.5417,False,Co
PIGLOJ,1.0326,1.3195,False,Co
PIGYUC,1.7687,2.9624,False,Co
PITHIL,1.2500,1.9794,False,Co
POFFOF,1.3409,1.1705,False,Co
PORWUQ,-0.0349,1.6084,True,Co
POWRID,-0.3176,1.4865,False,Co
QADGAG,-0.5523,1.8705,False,Co
QANPEC,-0.5060,1.9416,False,Co
QAPZOY,-0.1462,1.8225,True,Co
QEMRIK,-0.0246,1.7542,True,Co
QIGRAZ,3.2406,4.0606,False,Co
QIGRIH,3.0919,3.6389,False,Co
QIGRON,1.1898,2.3641,False,Co
QOYMAU,-0.4501,1.8726,False,Co
QOYMAU01,-0.4503,1.8719,False,Co
QOYMAU02,-0.4252,1.8689,False,Co
QUWCUH,-0.8947,1.8049,False,Co
QUXXAJ,-0.2079,1.9473,False,Co
REDSEZ01,-0.2685,1.5636,False,Co
RENXOX,-0.0003,1.6784,True,Co
RITPOC,2.3065,3.6522,False,Co
ROKKAD,0.5133,2.4319,False,Co
ROYSUW,-0.4927,2.0056,False,Co
SAFGAJ,-0.3655,1.7858,False,Co
SAPBUH,-0.4006,1.8517,False,Co
SEBPIB,-0.4082,1.7563,False,Co
SENDUL,-0.3429,1.8125,False,Co
SINNIM,1.3692,2.9028,False,Co
SINQUB,0.9176,0.1760,False,Co
SOZFIW,2.5254,2.9723,False,Co
SUFZAU,-0.4997,1.9394,False,Co
TAMTUZ,0.4892,0.2027,True,Co
TAVLUX,1.8294,3.3193,False,Co
TAVMEI,1.8295,3.2310,False,Co
TIBWIL,-0.2366,1.7522,False,Co
TIPYIA,-0.1684,1.8129,True,Co
TIVWOM,-0.2323,1.7764,False,Co
TRGLCP,1.1199,0.8983,False,Co
TTACOP,-0.0749,1.4082,True,Co
UCAREY,-0.1745,1.1447,True,Co
UDUYUN,-0.1414,1.6333,True,Co
UMACIV,1.3161,2.6278,False,Co
UMAFUL,-0.3160,1.8895,False,Co
UNAHAU,-0.2558,1.8490,False,Co
UNAYEP,-0.2202,0.8851,False,Co
UNUSON,-0.8742,1.8940,False,Co
VADQUN,-0.3231,1.5265,False,Co
VAKVAE,0.1677,1.2393,True,Co
VAPCAR,-0.1749,1.7113,True,Co
VAPFEY,-0.1677,1.9222,True,Co
VASXAQ,0.0736,1.3780,True,Co
VOZPOR,-0.1001,1.4887,True,Co
WAGLIC,-0.8942,1.9571,False,Co
WEKNIM,-0.1506,1.5676,True,Co
WEKNUY,-0.1866,1.5538,True,Co
WEKPEK,-0.2102,1.5660,False,Co
WEKPIO,-0.1629,1.5321,True,Co
WEKPOU,-0.2164,1.5823,False,Co
WEYSAW,-0.2985,1.8810,False,Co
WILYIC,1.4140,2.8767,False,Co
WITBAF,-0.5223,1.9690,False,Co
WITHIT,-0.3613,1.0034,False,Co
WIVZIM,-0.4355,1.7264,False,Co
WORNAU,-0.5663,1.7483,False,Co
WUHPOH,-0.9093,2.0142,False,Co
WUHPUN,-0.4220,0.3545,False,Co
WUYJIK,-0.4972,2.0323,False,Co
XANYOD,-0.4245,2.0146,False,Co
XAPBUL,0.1039,2.3541,True,Co
XAPMOQ,0.1417,2.4330,True,Co
XATCOM01,-0.0617,1.9671,True,Co
XAXFIL04,-0.1776,0.3590,True,Co
XAXFIL05,-0.0613,1.8388,True,Co
XECQIG,-0.3321,1.7361,False,Co
XEMSEP,2.2553,3.5180,False,Co
XEPPAK,-0.0159,1.7193,True,Co
XESGEH,1.6640,3.2051,False,Co
XIBBIW,-0.1749,0.8561,True,Co
YAYGIP,-0.1674,1.4850,True,Co
YEDJEW,1.9185,3.3520,False,Co
YEDKIB,-0.0045,1.6873,True,Co
YEHVIR,1.4474,0.7229,False,Co
YIBQOQ,1.6560,1.5616,False,Co
YICJOJ,2.0060,3.3398,False,Co
YICNII,-0.0713,1.7166,True,Co
YIWPOM,0.7061,1.8973,False,Co
YOWZER,-0.8128,1.8742,False,Co
YUZKEK,-0.1803,1.5444,True,Co
ZTDXCO,1.5416,1.8982,False,Co
ZUFTOM,-0.4989,1.7856,False,Co
